date,available_spots
9/21/2017,151
9/21/2017,161
9/21/2017,161
9/21/2017,161
9/21/2017,161
9/21/2017,161
9/21/2017,161
9/21/2017,161
9/21/2017,161
9/21/2017,161
9/21/2017,161
9/21/2017,161
9/21/2017,161
9/21/2017,161
9/21/2017,155
9/21/2017,147
9/21/2017,138
9/22/2017,136
9/22/2017,132
9/22/2017,131
9/22/2017,131
9/22/2017,119
9/22/2017,123
9/22/2017,120
9/22/2017,117
9/22/2017,138
9/22/2017,145
9/22/2017,150
9/22/2017,151
9/22/2017,150
9/22/2017,151
9/22/2017,153
9/22/2017,154
9/22/2017,154
9/22/2017,152
9/22/2017,150
9/22/2017,151
9/22/2017,151
9/22/2017,147
9/22/2017,129
9/22/2017,90
9/23/2017,67
9/23/2017,62
9/23/2017,66
9/23/2017,64
9/23/2017,70
9/23/2017,76
9/23/2017,80
9/23/2017,94
9/23/2017,120
9/23/2017,134
9/23/2017,149
9/23/2017,161
9/23/2017,161
9/23/2017,161
9/23/2017,161
9/23/2017,161
9/23/2017,161
9/23/2017,161
9/23/2017,161
9/23/2017,161
9/23/2017,161
9/23/2017,161
9/23/2017,134
9/23/2017,87
9/24/2017,49
9/24/2017,38
9/24/2017,36
9/24/2017,40
9/24/2017,35
9/24/2017,47
9/24/2017,57
9/24/2017,89
9/24/2017,122
9/24/2017,145
9/24/2017,161
9/24/2017,161
9/24/2017,161
9/24/2017,161
9/24/2017,161
9/24/2017,161
9/24/2017,161
9/24/2017,161
9/24/2017,161
9/24/2017,161
9/24/2017,161
9/24/2017,159
9/24/2017,123
9/24/2017,100
9/25/2017,69
9/25/2017,45
9/25/2017,38
9/25/2017,44
9/25/2017,41
9/25/2017,51
9/25/2017,63
9/25/2017,115
9/25/2017,137
9/25/2017,148
9/25/2017,152
9/25/2017,154
9/25/2017,155
9/25/2017,154
9/25/2017,156
9/25/2017,156
9/25/2017,156
9/25/2017,155
9/25/2017,152
9/25/2017,153
9/25/2017,153
9/25/2017,148
9/25/2017,132
9/25/2017,93
9/26/2017,74
9/26/2017,65
9/26/2017,67
9/26/2017,73
9/26/2017,73
9/26/2017,78
9/26/2017,88
9/26/2017,120
9/26/2017,148
9/26/2017,161
9/26/2017,161
9/26/2017,161
9/26/2017,161
9/26/2017,161
9/26/2017,161
9/26/2017,161
9/26/2017,161
9/26/2017,161
9/26/2017,161
9/26/2017,161
9/26/2017,161
9/26/2017,161
9/26/2017,131
9/26/2017,95
9/27/2017,61
9/27/2017,53
9/27/2017,51
9/27/2017,53
9/27/2017,60
9/27/2017,63
9/27/2017,76
9/27/2017,99
9/27/2017,112
9/27/2017,111
9/27/2017,118
9/27/2017,124
9/27/2017,130
9/27/2017,142
9/27/2017,150
9/27/2017,158
9/27/2017,161
9/27/2017,161
9/27/2017,161
9/27/2017,161
9/27/2017,161
9/27/2017,161
9/27/2017,133
9/27/2017,89
9/28/2017,58
9/28/2017,54
9/28/2017,56
9/28/2017,58
9/28/2017,57
9/28/2017,64
9/28/2017,78
9/28/2017,97
9/28/2017,136
9/28/2017,152
9/28/2017,160
9/28/2017,161
9/28/2017,161
9/28/2017,161
9/28/2017,161
9/28/2017,161
9/28/2017,161
9/28/2017,161
9/28/2017,161
9/28/2017,161
9/28/2017,161
9/28/2017,161
9/28/2017,134
9/28/2017,96
9/29/2017,65
9/29/2017,50
9/29/2017,49
9/29/2017,51
9/29/2017,55
9/29/2017,58
9/29/2017,75
9/29/2017,161
9/29/2017,161
9/29/2017,161
9/29/2017,161
9/29/2017,161
9/29/2017,161
9/29/2017,82
9/29/2017,79
9/29/2017,74
9/29/2017,83
9/29/2017,96
9/29/2017,114
9/29/2017,125
9/29/2017,133
9/29/2017,135
9/29/2017,136
9/29/2017,138
9/30/2017,141
9/30/2017,148
9/30/2017,151
9/30/2017,159
9/30/2017,161
9/30/2017,161
9/30/2017,160
9/30/2017,151
9/30/2017,145
9/30/2017,139
9/30/2017,133
9/30/2017,132
9/30/2017,129
9/30/2017,127
9/30/2017,126
9/30/2017,127
9/30/2017,120
9/30/2017,113
9/30/2017,132
9/30/2017,150
9/30/2017,156
9/30/2017,158
9/30/2017,158
9/30/2017,158
10/1/2017,160
10/1/2017,160
10/1/2017,159
10/1/2017,159
10/1/2017,159
10/1/2017,159
10/1/2017,159
10/1/2017,158
10/1/2017,154
10/1/2017,147
10/1/2017,133
10/1/2017,127
10/1/2017,123
10/1/2017,123
10/1/2017,128
10/1/2017,136
10/1/2017,136
10/1/2017,143
10/1/2017,78
10/1/2017,94
10/1/2017,97
10/1/2017,99
10/1/2017,105
10/1/2017,122
10/2/2017,140
10/2/2017,152
10/2/2017,161
10/2/2017,161
10/2/2017,161
10/2/2017,161
10/2/2017,161
10/2/2017,156
10/2/2017,143
10/2/2017,135
10/2/2017,125
10/2/2017,120
10/2/2017,113
10/2/2017,111
10/2/2017,101
10/2/2017,93
10/2/2017,94
10/2/2017,94
10/2/2017,93
10/2/2017,126
10/2/2017,138
10/2/2017,151
10/2/2017,155
10/2/2017,157
10/3/2017,159
10/3/2017,159
10/3/2017,159
10/3/2017,159
10/3/2017,158
10/3/2017,157
10/3/2017,157
10/3/2017,159
10/3/2017,156
10/3/2017,135
10/3/2017,89
10/3/2017,60
10/3/2017,56
10/3/2017,55
10/3/2017,55
10/3/2017,61
10/3/2017,61
10/3/2017,76
10/3/2017,114
10/3/2017,138
10/3/2017,147
10/3/2017,153
10/3/2017,154
10/3/2017,154
10/4/2017,154
10/4/2017,155
10/4/2017,153
10/4/2017,153
10/4/2017,153
10/4/2017,151
10/4/2017,152
10/4/2017,152
10/4/2017,149
10/4/2017,138
10/4/2017,105
10/4/2017,87
10/4/2017,78
10/4/2017,76
10/4/2017,73
10/4/2017,68
10/4/2017,71
10/4/2017,83
10/4/2017,21
10/4/2017,18
10/4/2017,16
10/4/2017,16
10/4/2017,18
10/4/2017,21
10/5/2017,28
10/5/2017,36
10/5/2017,38
10/5/2017,43
10/5/2017,45
10/5/2017,45
10/5/2017,43
10/5/2017,31
10/5/2017,27
10/5/2017,21
10/5/2017,15
10/5/2017,8
10/5/2017,3
10/5/2017,-2
10/5/2017,-11
10/5/2017,-20
10/5/2017,-13
10/5/2017,-18
10/5/2017,99
10/5/2017,133
10/5/2017,148
10/5/2017,154
10/5/2017,158
10/5/2017,159
10/6/2017,160
10/6/2017,160
10/6/2017,160
10/6/2017,161
10/6/2017,159
10/6/2017,158
10/6/2017,159
10/6/2017,159
10/6/2017,155
10/6/2017,134
10/6/2017,99
10/6/2017,126
10/6/2017,127
10/6/2017,130
10/6/2017,132
10/6/2017,131
10/6/2017,149
10/6/2017,161
10/6/2017,105
10/6/2017,138
10/6/2017,154
10/6/2017,161
10/6/2017,161
10/6/2017,161
10/7/2017,161
10/7/2017,161
10/7/2017,161
10/7/2017,161
10/7/2017,161
10/7/2017,161
10/7/2017,161
10/7/2017,161
10/7/2017,161
10/7/2017,131
10/7/2017,91
10/7/2017,69
10/7/2017,59
10/7/2017,61
10/7/2017,57
10/7/2017,54
10/7/2017,58
10/7/2017,64
10/7/2017,92
10/7/2017,122
10/7/2017,147
10/7/2017,160
10/7/2017,161
10/7/2017,161
10/8/2017,161
10/8/2017,161
10/8/2017,161
10/8/2017,161
10/8/2017,161
10/8/2017,161
10/8/2017,161
10/8/2017,161
10/8/2017,160
10/8/2017,134
10/8/2017,82
10/8/2017,44
10/8/2017,31
10/8/2017,31
10/8/2017,36
10/8/2017,65
10/8/2017,72
10/8/2017,80
10/8/2017,102
10/8/2017,124
10/8/2017,148
10/8/2017,159
10/8/2017,161
10/8/2017,161
10/9/2017,161
10/9/2017,161
10/9/2017,161
10/9/2017,161
10/9/2017,161
10/9/2017,161
10/9/2017,161
10/9/2017,161
10/9/2017,161
10/9/2017,136
10/9/2017,90
10/9/2017,63
10/9/2017,47
10/9/2017,44
10/9/2017,45
10/9/2017,45
10/9/2017,49
10/9/2017,58
10/9/2017,154
10/9/2017,161
10/9/2017,161
10/9/2017,161
10/9/2017,161
10/9/2017,161
10/10/2017,161
10/10/2017,161
10/10/2017,161
10/10/2017,161
10/10/2017,161
10/10/2017,161
10/10/2017,161
10/10/2017,161
10/10/2017,161
10/10/2017,161
10/10/2017,101
10/10/2017,64
10/10/2017,58
10/10/2017,55
10/10/2017,56
10/10/2017,56
10/10/2017,61
10/10/2017,72
10/10/2017,85
10/10/2017,131
10/10/2017,141
10/10/2017,151
10/10/2017,152
10/10/2017,152
10/11/2017,153
10/11/2017,154
10/11/2017,154
10/11/2017,154
10/11/2017,153
10/11/2017,151
10/11/2017,151
10/11/2017,150
10/11/2017,143
10/11/2017,121
10/11/2017,71
10/11/2017,41
10/11/2017,38
10/11/2017,43
10/11/2017,39
10/11/2017,42
10/11/2017,46
10/11/2017,56
10/11/2017,113
10/11/2017,141
10/11/2017,155
10/11/2017,161
10/11/2017,161
10/11/2017,161
10/12/2017,161
10/12/2017,161
10/12/2017,161
10/12/2017,161
10/12/2017,161
10/12/2017,161
10/12/2017,161
10/12/2017,161
10/12/2017,156
10/12/2017,135
10/12/2017,96
10/12/2017,72
10/12/2017,63
10/12/2017,66
10/12/2017,61
10/12/2017,58
10/12/2017,58
10/12/2017,73
10/12/2017,110
10/12/2017,120
10/12/2017,111
10/12/2017,98
10/12/2017,99
10/12/2017,115
10/13/2017,134
10/13/2017,143
10/13/2017,148
10/13/2017,150
10/13/2017,156
10/13/2017,157
10/13/2017,149
10/13/2017,142
10/13/2017,133
10/13/2017,130
10/13/2017,122
10/13/2017,98
10/13/2017,79
10/13/2017,67
10/13/2017,101
10/13/2017,111
10/13/2017,117
10/13/2017,116
10/13/2017,124
10/13/2017,130
10/13/2017,133
10/13/2017,135
10/13/2017,142
10/13/2017,149
10/14/2017,157
10/14/2017,161
10/14/2017,161
10/14/2017,161
10/14/2017,161
10/14/2017,161
10/14/2017,161
10/14/2017,154
10/14/2017,152
10/14/2017,146
10/14/2017,141
10/14/2017,131
10/14/2017,121
10/14/2017,118
10/14/2017,109
10/14/2017,106
10/14/2017,112
10/14/2017,112
10/14/2017,157
10/14/2017,161
10/14/2017,161
10/14/2017,161
10/14/2017,161
10/14/2017,161
10/15/2017,161
10/15/2017,161
10/15/2017,161
10/15/2017,161
10/15/2017,110
10/15/2017,116
10/15/2017,118
10/15/2017,121
10/15/2017,124
10/15/2017,125
10/15/2017,131
10/15/2017,140
10/15/2017,144
10/15/2017,147
10/15/2017,149
10/15/2017,149
10/15/2017,144
10/15/2017,140
10/15/2017,138
10/15/2017,134
10/15/2017,129
10/15/2017,121
10/15/2017,121
10/15/2017,117
10/16/2017,114
10/16/2017,99
10/16/2017,95
10/16/2017,94
10/16/2017,119
10/16/2017,148
10/16/2017,152
10/16/2017,153
10/16/2017,158
10/16/2017,159
10/16/2017,160
10/16/2017,161
10/16/2017,159
10/16/2017,159
10/16/2017,159
10/16/2017,159
10/16/2017,159
10/16/2017,159
10/16/2017,157
10/16/2017,140
10/16/2017,122
10/16/2017,106
10/16/2017,98
10/16/2017,111
10/17/2017,124
10/17/2017,134
10/17/2017,141
10/17/2017,146
10/17/2017,98
10/17/2017,132
10/17/2017,144
10/17/2017,154
10/17/2017,158
10/17/2017,161
10/17/2017,161
10/17/2017,161
10/17/2017,161
10/17/2017,161
10/17/2017,161
10/17/2017,161
10/17/2017,161
10/17/2017,161
10/17/2017,160
10/17/2017,136
10/17/2017,93
10/17/2017,48
10/17/2017,31
10/17/2017,28
10/18/2017,29
10/18/2017,30
10/18/2017,35
10/18/2017,47
10/18/2017,120
10/18/2017,147
10/18/2017,160
10/18/2017,161
10/18/2017,161
10/18/2017,161
10/18/2017,161
10/18/2017,161
10/18/2017,161
10/18/2017,161
10/18/2017,161
10/18/2017,161
10/18/2017,161
10/18/2017,161
10/18/2017,154
10/18/2017,139
10/18/2017,105
10/18/2017,71
10/18/2017,64
10/18/2017,66
10/19/2017,64
10/19/2017,68
10/19/2017,76
10/19/2017,82
10/19/2017,105
10/19/2017,119
10/19/2017,120
10/19/2017,126
10/19/2017,129
10/19/2017,133
10/19/2017,144
10/19/2017,157
10/19/2017,161
10/19/2017,161
10/19/2017,161
10/19/2017,161
10/19/2017,161
10/19/2017,161
10/19/2017,161
10/19/2017,139
10/19/2017,97
10/19/2017,62
10/19/2017,43
10/19/2017,40
10/20/2017,41
10/20/2017,46
10/20/2017,51
10/20/2017,63
10/20/2017,78
10/20/2017,119
10/20/2017,132
10/20/2017,135
10/20/2017,141
10/20/2017,143
10/20/2017,144
10/20/2017,144
10/20/2017,144
10/20/2017,144
10/20/2017,143
10/20/2017,143
10/20/2017,141
10/20/2017,141
10/20/2017,137
10/20/2017,132
10/20/2017,88
10/20/2017,71
10/20/2017,64
10/20/2017,69
10/21/2017,77
10/21/2017,83
10/21/2017,92
10/21/2017,99
10/21/2017,115
10/21/2017,136
10/21/2017,151
10/21/2017,160
10/21/2017,161
10/21/2017,161
10/21/2017,161
10/21/2017,161
10/21/2017,161
10/21/2017,161
10/21/2017,161
10/21/2017,161
10/21/2017,161
10/21/2017,161
10/21/2017,161
10/21/2017,126
10/21/2017,74
10/21/2017,47
10/21/2017,39
10/21/2017,31
10/22/2017,30
10/22/2017,38
10/22/2017,47
10/22/2017,61
10/22/2017,82
10/22/2017,135
10/22/2017,147
10/22/2017,152
10/22/2017,159
10/22/2017,159
10/22/2017,160
10/22/2017,161
10/22/2017,161
10/22/2017,161
10/22/2017,159
10/22/2017,159
10/22/2017,159
10/22/2017,159
10/22/2017,156
10/22/2017,129
10/22/2017,85
10/22/2017,52
10/22/2017,39
10/22/2017,30
10/23/2017,34
10/23/2017,35
10/23/2017,40
10/23/2017,55
10/23/2017,117
10/23/2017,142
10/23/2017,158
10/23/2017,161
10/23/2017,161
10/23/2017,161
10/23/2017,161
10/23/2017,161
10/23/2017,161
10/23/2017,161
10/23/2017,161
10/23/2017,161
10/23/2017,161
10/23/2017,161
10/23/2017,161
10/23/2017,133
10/23/2017,107
10/23/2017,84
10/23/2017,76
10/23/2017,75
10/24/2017,77
10/24/2017,75
10/24/2017,81
10/24/2017,92
10/24/2017,93
10/24/2017,118
10/24/2017,133
10/24/2017,142
10/24/2017,147
10/24/2017,154
10/24/2017,156
10/24/2017,156
10/24/2017,156
10/24/2017,156
10/24/2017,155
10/24/2017,154
10/24/2017,154
10/24/2017,154
10/24/2017,150
10/24/2017,116
10/24/2017,83
10/24/2017,57
10/24/2017,37
10/24/2017,27
10/25/2017,25
10/25/2017,26
10/25/2017,32
10/25/2017,47
10/25/2017,129
10/25/2017,105
10/25/2017,37
10/25/2017,44
10/25/2017,90
10/25/2017,156
10/25/2017,161
10/25/2017,161
10/25/2017,161
10/25/2017,161
10/25/2017,161
10/25/2017,161
10/25/2017,161
10/25/2017,161
10/25/2017,161
10/25/2017,147
10/25/2017,127
10/25/2017,115
10/25/2017,108
10/25/2017,102
10/26/2017,106
10/26/2017,104
10/26/2017,103
10/26/2017,103
10/26/2017,138
10/26/2017,142
10/26/2017,141
10/26/2017,143
10/26/2017,148
10/26/2017,150
10/26/2017,150
10/26/2017,155
10/26/2017,158
10/26/2017,161
10/26/2017,161
10/26/2017,161
10/26/2017,161
10/26/2017,161
10/26/2017,158
10/26/2017,130
10/26/2017,83
10/26/2017,42
10/26/2017,32
10/26/2017,24
10/27/2017,27
10/27/2017,42
10/27/2017,49
10/27/2017,59
10/27/2017,90
10/27/2017,138
10/27/2017,152
10/27/2017,159
10/27/2017,161
10/27/2017,161
10/27/2017,161
10/27/2017,161
10/27/2017,161
10/27/2017,161
10/27/2017,161
10/27/2017,161
10/27/2017,161
10/27/2017,161
10/27/2017,158
10/27/2017,139
10/27/2017,94
10/27/2017,67
10/27/2017,62
10/27/2017,63
10/28/2017,63
10/28/2017,65
10/28/2017,70
10/28/2017,83
10/28/2017,103
10/28/2017,143
10/28/2017,155
10/28/2017,159
10/28/2017,161
10/28/2017,161
10/28/2017,161
10/28/2017,161
10/28/2017,161
10/28/2017,161
10/28/2017,161
10/28/2017,161
10/28/2017,161
10/28/2017,161
10/28/2017,161
10/28/2017,132
10/28/2017,90
10/28/2017,69
10/28/2017,59
10/28/2017,59
10/29/2017,66
10/29/2017,68
10/29/2017,80
10/29/2017,90
10/29/2017,122
10/29/2017,145
10/29/2017,159
10/29/2017,161
10/29/2017,161
10/29/2017,161
10/29/2017,161
10/29/2017,161
10/29/2017,161
10/29/2017,161
10/29/2017,161
10/29/2017,161
10/29/2017,161
10/29/2017,161
10/29/2017,156
10/29/2017,153
10/29/2017,142
10/29/2017,139
10/29/2017,136
10/29/2017,133
10/30/2017,131
10/30/2017,134
10/30/2017,132
10/30/2017,131
10/30/2017,127
10/30/2017,130
10/30/2017,133
10/30/2017,133
10/30/2017,134
10/30/2017,137
10/30/2017,144
10/30/2017,148
10/30/2017,151
10/30/2017,154
10/30/2017,155
10/30/2017,155
10/31/2017,154
10/31/2017,148
10/31/2017,140
10/31/2017,132
10/31/2017,130
10/31/2017,129
10/31/2017,128
10/31/2017,128
10/31/2017,130
10/31/2017,125
10/31/2017,129
10/31/2017,125
10/31/2017,97
11/1/2017,112
11/1/2017,123
11/1/2017,126
11/1/2017,129
11/1/2017,132
11/1/2017,141
11/1/2017,144
11/1/2017,149
11/1/2017,156
11/2/2017,157
11/2/2017,157
11/2/2017,154
11/2/2017,142
11/2/2017,136
11/2/2017,129
11/2/2017,122
11/2/2017,115
11/2/2017,109
11/2/2017,105
11/3/2017,102
11/3/2017,104
11/3/2017,109
11/3/2017,112
11/3/2017,128
11/3/2017,158
11/3/2017,161
11/3/2017,161
11/3/2017,161
11/3/2017,161
11/3/2017,161
11/4/2017,161
11/4/2017,161
11/4/2017,161
11/4/2017,161
11/4/2017,161
11/4/2017,161
11/4/2017,161
11/4/2017,151
11/4/2017,141
11/4/2017,126
11/4/2017,93
11/4/2017,82
11/4/2017,69
11/4/2017,45
11/4/2017,31
11/4/2017,49
11/4/2017,41
11/4/2017,114
11/4/2017,153
11/4/2017,161
11/4/2017,161
11/4/2017,161
11/4/2017,161
11/4/2017,161
11/5/2017,161
11/5/2017,161
11/5/2017,161
11/5/2017,161
11/5/2017,161
11/5/2017,161
11/5/2017,161
11/5/2017,161
11/5/2017,126
11/5/2017,88
11/5/2017,66
11/5/2017,53
11/5/2017,49
11/5/2017,51
11/5/2017,46
11/5/2017,48
11/5/2017,65
11/5/2017,121
11/5/2017,143
11/5/2017,149
11/5/2017,150
11/5/2017,151
11/5/2017,152
11/5/2017,153
11/6/2017,153
11/6/2017,153
11/6/2017,153
11/6/2017,153
11/6/2017,153
11/6/2017,153
11/6/2017,153
11/6/2017,143
11/6/2017,133
11/6/2017,121
11/6/2017,113
11/6/2017,113
11/6/2017,109
11/6/2017,108
11/6/2017,106
11/6/2017,105
11/6/2017,106
11/6/2017,111
11/6/2017,110
11/6/2017,115
11/6/2017,116
11/6/2017,122
11/6/2017,126
11/6/2017,133
11/7/2017,136
11/7/2017,141
11/7/2017,149
11/7/2017,152
11/7/2017,161
11/7/2017,161
11/7/2017,161
11/7/2017,161
11/7/2017,161
11/7/2017,161
11/7/2017,161
11/7/2017,161
11/7/2017,161
11/7/2017,161
11/7/2017,161
11/7/2017,161
11/7/2017,161
11/7/2017,120
11/7/2017,125
11/7/2017,129
11/7/2017,129
11/7/2017,134
11/7/2017,137
11/7/2017,146
11/8/2017,147
11/8/2017,151
11/8/2017,155
11/8/2017,157
11/8/2017,157
11/8/2017,152
11/8/2017,143
11/8/2017,133
11/8/2017,129
11/8/2017,126
11/8/2017,120
11/8/2017,120
11/8/2017,113
11/8/2017,108
11/8/2017,103
11/8/2017,103
11/8/2017,99
11/8/2017,129
11/8/2017,131
11/8/2017,133
11/8/2017,134
11/8/2017,136
11/8/2017,139
11/8/2017,144
11/9/2017,148
11/9/2017,150
11/9/2017,154
11/9/2017,156
11/9/2017,156
11/9/2017,154
11/9/2017,150
11/9/2017,148
11/9/2017,145
11/9/2017,144
11/9/2017,144
11/9/2017,143
11/9/2017,142
11/9/2017,139
11/9/2017,132
11/9/2017,134
11/9/2017,136
11/9/2017,99
11/9/2017,105
11/9/2017,101
11/9/2017,105
11/9/2017,106
11/9/2017,109
11/9/2017,117
11/10/2017,124
11/10/2017,126
11/10/2017,128
11/10/2017,128
11/10/2017,131
11/10/2017,132
11/10/2017,130
11/10/2017,127
11/10/2017,121
11/10/2017,85
11/10/2017,51
11/10/2017,46
11/10/2017,45
11/10/2017,41
11/10/2017,43
11/10/2017,50
11/10/2017,59
11/10/2017,76
11/10/2017,96
11/10/2017,104
11/10/2017,111
11/10/2017,112
11/10/2017,120
11/10/2017,135
11/11/2017,142
11/11/2017,146
11/11/2017,160
11/11/2017,161
11/11/2017,161
11/11/2017,158
11/11/2017,147
11/11/2017,137
11/11/2017,127
11/11/2017,121
11/11/2017,117
11/11/2017,111
11/11/2017,103
11/11/2017,94
11/11/2017,89
11/11/2017,94
11/11/2017,91
11/11/2017,91
11/11/2017,87
11/11/2017,86
11/11/2017,94
11/11/2017,103
11/11/2017,127
11/11/2017,134
11/12/2017,143
11/12/2017,146
11/12/2017,151
11/12/2017,150
11/12/2017,159
11/12/2017,159
11/12/2017,159
11/12/2017,156
11/12/2017,143
11/12/2017,104
11/12/2017,84
11/12/2017,77
11/12/2017,76
11/12/2017,74
11/12/2017,73
11/12/2017,81
11/12/2017,94
11/12/2017,116
11/12/2017,156
11/12/2017,161
11/12/2017,161
11/12/2017,161
11/12/2017,161
11/12/2017,161
11/13/2017,161
11/13/2017,161
11/13/2017,161
11/13/2017,161
11/13/2017,161
11/13/2017,161
11/13/2017,161
11/13/2017,161
11/13/2017,131
11/13/2017,90
11/13/2017,48
11/13/2017,28
11/13/2017,28
11/13/2017,33
11/13/2017,41
11/13/2017,46
11/13/2017,58
11/13/2017,130
11/13/2017,161
11/13/2017,161
11/13/2017,161
11/13/2017,161
11/13/2017,161
11/13/2017,161
11/14/2017,161
11/14/2017,161
11/14/2017,161
11/14/2017,161
11/14/2017,161
11/14/2017,161
11/14/2017,161
11/14/2017,161
11/14/2017,134
11/14/2017,90
11/14/2017,59
11/14/2017,51
11/14/2017,41
11/14/2017,40
11/14/2017,37
11/14/2017,45
11/14/2017,56
11/14/2017,42
11/14/2017,47
11/14/2017,44
11/14/2017,53
11/14/2017,65
11/14/2017,70
11/14/2017,106
11/15/2017,157
11/15/2017,160
11/15/2017,161
11/15/2017,161
11/15/2017,161
11/15/2017,146
11/15/2017,131
11/15/2017,116
11/15/2017,103
11/15/2017,81
11/15/2017,72
11/15/2017,63
11/15/2017,72
11/15/2017,93
11/15/2017,82
11/15/2017,94
11/15/2017,94
11/15/2017,126
11/15/2017,156
11/15/2017,161
11/15/2017,161
11/15/2017,161
11/15/2017,161
11/15/2017,161
11/16/2017,161
11/16/2017,161
11/16/2017,161
11/16/2017,161
11/16/2017,161
11/16/2017,161
11/16/2017,161
11/16/2017,152
11/16/2017,142
11/16/2017,123
11/16/2017,110
11/16/2017,104
11/16/2017,102
11/16/2017,96
11/16/2017,94
11/16/2017,90
11/16/2017,80
11/16/2017,84
11/16/2017,125
11/16/2017,141
11/16/2017,151
11/16/2017,156
11/16/2017,156
11/16/2017,157
11/17/2017,158
11/17/2017,158
11/17/2017,158
11/17/2017,158
11/17/2017,156
11/17/2017,157
11/17/2017,156
11/17/2017,149
11/17/2017,122
11/17/2017,75
11/17/2017,47
11/17/2017,36
11/17/2017,43
11/17/2017,46
11/17/2017,44
11/17/2017,46
11/17/2017,59
11/17/2017,89
11/17/2017,122
11/17/2017,139
11/17/2017,146
11/17/2017,151
11/17/2017,151
11/17/2017,152
11/18/2017,152
11/18/2017,152
11/18/2017,152
11/18/2017,151
11/18/2017,151
11/18/2017,150
11/18/2017,148
11/18/2017,143
11/18/2017,136
11/18/2017,88
11/18/2017,63
11/18/2017,55
11/18/2017,56
11/18/2017,53
11/18/2017,56
11/18/2017,52
11/18/2017,53
11/18/2017,81
11/18/2017,86
11/18/2017,96
11/18/2017,102
11/18/2017,115
11/18/2017,124
11/18/2017,129
11/19/2017,130
11/19/2017,130
11/19/2017,130
11/19/2017,130
11/19/2017,130
11/19/2017,130
11/19/2017,129
11/19/2017,116
11/19/2017,82
11/19/2017,49
11/19/2017,24
11/19/2017,22
11/19/2017,24
11/19/2017,36
11/19/2017,48
11/19/2017,35
11/19/2017,27
11/19/2017,136
11/19/2017,136
11/19/2017,138
11/19/2017,139
11/19/2017,140
11/19/2017,142
11/19/2017,151
11/20/2017,152
11/20/2017,153
11/20/2017,153
11/20/2017,156
11/20/2017,156
11/20/2017,156
11/20/2017,153
11/20/2017,152
11/20/2017,149
11/20/2017,145
11/20/2017,144
11/20/2017,139
11/20/2017,139
11/20/2017,136
11/20/2017,136
11/20/2017,136
11/20/2017,135
11/20/2017,21
11/20/2017,17
11/20/2017,13
11/20/2017,13
11/20/2017,12
11/20/2017,11
11/20/2017,11
11/21/2017,11
11/21/2017,11
11/21/2017,11
11/21/2017,11
11/21/2017,11
11/21/2017,7
11/21/2017,2
11/21/2017,-3
11/21/2017,-10
11/21/2017,-18
11/21/2017,-22
11/21/2017,-26
11/21/2017,-35
11/21/2017,-39
11/21/2017,-50
11/21/2017,-60
11/21/2017,-75
11/21/2017,161
11/21/2017,161
11/21/2017,161
11/21/2017,161
11/21/2017,161
11/21/2017,161
11/21/2017,161
11/22/2017,161
11/22/2017,161
11/22/2017,161
11/22/2017,161
11/22/2017,122
11/22/2017,60
11/22/2017,119
11/22/2017,141
11/22/2017,147
11/22/2017,149
11/22/2017,151
11/22/2017,155
11/22/2017,161
11/22/2017,161
11/22/2017,161
11/22/2017,161
11/22/2017,161
11/22/2017,161
11/22/2017,161
11/22/2017,161
11/22/2017,161
11/22/2017,161
11/22/2017,161
11/22/2017,159
11/23/2017,148
11/23/2017,150
11/23/2017,143
11/23/2017,137
11/23/2017,139
11/23/2017,131
11/23/2017,118
11/23/2017,149
11/23/2017,153
11/23/2017,160
11/23/2017,161
11/23/2017,161
11/23/2017,161
11/23/2017,161
11/23/2017,161
11/23/2017,161
11/23/2017,160
11/23/2017,160
11/23/2017,161
11/23/2017,161
11/23/2017,156
11/23/2017,141
11/23/2017,100
11/23/2017,74
11/24/2017,65
11/24/2017,66
11/24/2017,63
11/24/2017,59
11/24/2017,61
11/24/2017,83
11/24/2017,137
11/24/2017,147
11/24/2017,151
11/24/2017,159
11/24/2017,161
11/24/2017,161
11/24/2017,161
11/24/2017,161
11/24/2017,161
11/24/2017,161
11/24/2017,161
11/24/2017,161
11/24/2017,161
11/24/2017,161
11/24/2017,161
11/24/2017,131
11/24/2017,86
11/24/2017,59
11/25/2017,51
11/25/2017,58
11/25/2017,49
11/25/2017,48
11/25/2017,56
11/25/2017,72
11/25/2017,128
11/25/2017,130
11/25/2017,130
11/25/2017,138
11/25/2017,150
11/25/2017,158
11/25/2017,161
11/25/2017,161
11/25/2017,161
11/25/2017,161
11/25/2017,161
11/25/2017,161
11/26/2017,161
11/26/2017,135
11/26/2017,95
11/26/2017,72
11/26/2017,58
11/26/2017,58
11/26/2017,59
11/26/2017,57
11/26/2017,66
11/26/2017,70
11/26/2017,82
11/26/2017,89
11/26/2017,96
11/26/2017,98
11/26/2017,101
11/26/2017,101
11/26/2017,113
11/26/2017,119
11/26/2017,131
11/26/2017,149
11/26/2017,152
11/26/2017,160
11/26/2017,153
11/26/2017,142
11/27/2017,136
11/27/2017,128
11/27/2017,122
11/27/2017,117
11/27/2017,113
11/27/2017,106
11/27/2017,106
11/27/2017,105
11/27/2017,110
11/27/2017,106
11/27/2017,82
11/27/2017,120
11/27/2017,136
11/27/2017,148
11/27/2017,154
11/27/2017,157
11/27/2017,160
11/27/2017,161
11/27/2017,161
11/27/2017,161
11/27/2017,161
11/27/2017,160
11/28/2017,160
11/28/2017,160
11/28/2017,157
11/28/2017,135
11/28/2017,90
11/28/2017,58
11/28/2017,43
11/28/2017,33
11/28/2017,37
11/28/2017,36
11/28/2017,47
11/28/2017,56
11/28/2017,98
11/28/2017,107
11/28/2017,109
11/28/2017,107
11/28/2017,109
11/28/2017,111
11/28/2017,126
11/28/2017,130
11/28/2017,132
11/28/2017,132
11/28/2017,132
11/28/2017,132
11/29/2017,129
11/29/2017,122
11/29/2017,117
11/29/2017,112
11/29/2017,110
11/29/2017,107
11/29/2017,103
11/29/2017,102
11/29/2017,97
11/29/2017,93
11/29/2017,85
11/29/2017,89
11/29/2017,94
11/29/2017,127
11/29/2017,148
11/29/2017,157
11/29/2017,161
11/29/2017,161
11/29/2017,161
11/29/2017,161
11/29/2017,161
11/29/2017,161
11/29/2017,161
11/29/2017,161
11/30/2017,161
11/30/2017,161
11/30/2017,161
11/30/2017,140
11/30/2017,90
11/30/2017,50
11/30/2017,55
11/30/2017,53
11/30/2017,63
11/30/2017,64
11/30/2017,76
11/30/2017,81
11/30/2017,97
11/30/2017,130
11/30/2017,154
11/30/2017,161
11/30/2017,161
11/30/2017,161
11/30/2017,161
11/30/2017,161
11/30/2017,161
11/30/2017,161
11/30/2017,161
11/30/2017,161
12/2/2017,161
12/2/2017,161
12/2/2017,161
12/2/2017,133
12/2/2017,95
12/2/2017,60
12/2/2017,44
12/2/2017,37
12/2/2017,37
12/2/2017,35
12/2/2017,48
12/2/2017,50
12/2/2017,161
12/2/2017,161
12/2/2017,161
12/2/2017,161
12/2/2017,161
12/2/2017,161
12/2/2017,161
12/2/2017,161
12/2/2017,133
12/2/2017,104
12/2/2017,143
12/2/2017,143
12/3/2017,156
12/3/2017,158
12/3/2017,158
12/3/2017,159
12/3/2017,159
12/3/2017,159
12/3/2017,159
12/3/2017,158
12/3/2017,156
12/3/2017,157
12/3/2017,157
12/3/2017,151
12/3/2017,137
12/3/2017,101
12/3/2017,81
12/3/2017,71
12/3/2017,65
12/3/2017,63
12/3/2017,60
12/3/2017,65
12/3/2017,72
12/3/2017,105
12/3/2017,141
12/3/2017,154
12/4/2017,161
12/4/2017,161
12/4/2017,161
12/4/2017,161
12/4/2017,161
12/4/2017,161
12/4/2017,161
12/4/2017,161
12/4/2017,161
12/4/2017,161
12/4/2017,161
12/4/2017,161
12/4/2017,136
12/4/2017,99
12/4/2017,67
12/4/2017,52
12/4/2017,52
12/4/2017,55
12/4/2017,58
12/4/2017,61
12/4/2017,75
12/4/2017,88
12/4/2017,131
12/4/2017,151
12/5/2017,156
12/5/2017,161
12/5/2017,161
12/5/2017,161
12/5/2017,161
12/5/2017,161
12/5/2017,161
12/5/2017,161
12/5/2017,161
12/5/2017,161
12/5/2017,161
12/5/2017,159
12/5/2017,139
12/5/2017,95
12/5/2017,64
12/5/2017,60
12/5/2017,57
12/5/2017,61
12/5/2017,63
12/5/2017,66
12/5/2017,81
12/5/2017,110
12/5/2017,138
12/5/2017,150
12/6/2017,158
12/6/2017,159
12/6/2017,159
12/6/2017,159
12/6/2017,160
12/6/2017,160
12/6/2017,159
12/6/2017,156
12/6/2017,156
12/6/2017,157
12/6/2017,157
12/6/2017,156
12/6/2017,135
12/6/2017,104
12/6/2017,74
12/6/2017,64
12/6/2017,66
12/6/2017,65
12/6/2017,68
12/6/2017,72
12/6/2017,81
12/6/2017,123
12/6/2017,137
12/6/2017,135
12/7/2017,144
12/7/2017,147
12/7/2017,149
12/7/2017,153
12/7/2017,161
12/7/2017,161
12/7/2017,161
12/7/2017,161
12/7/2017,161
12/7/2017,161
12/7/2017,161
12/7/2017,161
12/7/2017,118
12/7/2017,74
12/7/2017,51
12/7/2017,45
12/7/2017,35
12/7/2017,28
12/7/2017,38
12/7/2017,47
12/7/2017,56
12/7/2017,100
12/7/2017,131
12/7/2017,161
12/8/2017,161
12/8/2017,161
12/8/2017,161
12/8/2017,161
12/8/2017,161
12/8/2017,161
12/8/2017,161
12/8/2017,129
12/8/2017,94
12/8/2017,70
12/8/2017,51
12/8/2017,48
12/8/2017,57
12/8/2017,48
12/8/2017,52
12/8/2017,68
12/8/2017,98
12/8/2017,138
12/8/2017,147
12/8/2017,161
12/8/2017,161
12/8/2017,161
12/8/2017,161
12/8/2017,161
12/9/2017,161
12/9/2017,161
12/9/2017,161
12/9/2017,161
12/9/2017,161
12/9/2017,161
12/9/2017,161
12/9/2017,142
12/9/2017,103
12/9/2017,75
12/9/2017,60
12/9/2017,61
12/9/2017,64
12/9/2017,58
12/9/2017,58
12/9/2017,68
12/9/2017,82
12/9/2017,118
12/9/2017,136
12/9/2017,152
12/9/2017,155
12/9/2017,157
12/9/2017,160
12/9/2017,160
12/10/2017,160
12/10/2017,160
12/10/2017,160
12/10/2017,159
12/10/2017,158
12/10/2017,159
12/10/2017,157
12/10/2017,130
12/10/2017,87
12/10/2017,57
12/10/2017,45
12/10/2017,44
12/10/2017,46
12/10/2017,39
12/10/2017,46
12/10/2017,65
12/10/2017,97
12/10/2017,126
12/10/2017,142
12/10/2017,153
12/10/2017,161
12/10/2017,161
12/10/2017,161
12/10/2017,161
12/11/2017,161
12/11/2017,161
12/11/2017,161
12/11/2017,161
12/11/2017,161
12/11/2017,161
12/11/2017,161
12/11/2017,133
12/11/2017,104
12/11/2017,72
12/11/2017,58
12/11/2017,58
12/11/2017,58
12/11/2017,65
12/11/2017,74
12/11/2017,83
12/11/2017,109
12/11/2017,126
12/11/2017,130
12/11/2017,135
12/11/2017,141
12/11/2017,146
12/11/2017,151
12/11/2017,155
12/12/2017,156
12/12/2017,158
12/12/2017,161
12/12/2017,161
12/12/2017,161
12/12/2017,161
12/12/2017,161
12/12/2017,161
12/12/2017,161
12/12/2017,153
12/12/2017,150
12/12/2017,148
12/12/2017,143
12/12/2017,143
12/12/2017,137
12/12/2017,134
12/12/2017,101
12/12/2017,114
12/12/2017,117
12/12/2017,117
12/12/2017,124
12/12/2017,131
12/12/2017,145
12/12/2017,147
12/13/2017,153
12/13/2017,156
12/13/2017,161
12/13/2017,161
12/13/2017,159
12/13/2017,155
12/13/2017,148
12/13/2017,142
12/13/2017,134
12/13/2017,127
12/13/2017,122
12/13/2017,115
12/13/2017,108
12/13/2017,101
12/13/2017,99
12/13/2017,103
12/13/2017,142
12/13/2017,161
12/13/2017,161
12/13/2017,161
12/13/2017,161
12/13/2017,161
12/13/2017,161
12/13/2017,161
12/14/2017,161
12/14/2017,161
12/14/2017,161
12/14/2017,161
12/14/2017,161
12/14/2017,161
12/14/2017,161
12/14/2017,161
12/14/2017,161
12/14/2017,161
12/14/2017,161
12/14/2017,161
12/14/2017,161
12/14/2017,161
12/14/2017,161
12/14/2017,161
12/14/2017,-18
12/14/2017,-2
12/14/2017,-3
12/14/2017,4
12/14/2017,7
12/14/2017,15
12/14/2017,30
12/14/2017,33
12/15/2017,36
12/15/2017,40
12/15/2017,41
12/15/2017,45
12/15/2017,46
12/15/2017,45
12/15/2017,41
12/15/2017,121
12/15/2017,103
12/15/2017,133
12/15/2017,147
12/15/2017,161
12/15/2017,161
12/15/2017,161
12/15/2017,161
12/15/2017,161
12/15/2017,161
12/15/2017,161
12/15/2017,161
12/15/2017,161
12/15/2017,161
12/15/2017,161
12/15/2017,161
12/15/2017,136
12/16/2017,96
12/16/2017,68
12/16/2017,66
12/16/2017,66
12/16/2017,85
12/16/2017,86
12/16/2017,87
12/16/2017,101
12/16/2017,100
12/16/2017,132
12/16/2017,143
12/16/2017,147
12/16/2017,146
12/16/2017,149
12/16/2017,151
12/16/2017,152
12/16/2017,151
12/16/2017,151
12/16/2017,150
12/16/2017,149
12/16/2017,150
12/16/2017,150
12/16/2017,145
12/16/2017,129
12/17/2017,99
12/17/2017,78
12/17/2017,79
12/17/2017,82
12/17/2017,80
12/17/2017,71
12/17/2017,75
12/17/2017,89
12/17/2017,86
12/17/2017,132
12/17/2017,149
12/17/2017,156
12/17/2017,159
12/17/2017,159
12/17/2017,161
12/17/2017,161
12/17/2017,161
12/17/2017,161
12/17/2017,161
12/17/2017,159
12/17/2017,159
12/17/2017,159
12/17/2017,155
12/17/2017,139
12/19/2017,103
12/19/2017,82
12/19/2017,81
12/19/2017,77
12/19/2017,78
12/19/2017,80
12/19/2017,88
12/19/2017,90
12/19/2017,149
12/19/2017,153
12/19/2017,157
12/19/2017,156
12/19/2017,156
12/19/2017,155
12/19/2017,155
12/19/2017,155
12/19/2017,156
12/19/2017,156
12/19/2017,156
12/19/2017,156
12/19/2017,155
12/19/2017,149
12/19/2017,144
12/19/2017,138
12/20/2017,135
12/20/2017,133
12/20/2017,133
12/20/2017,132
12/20/2017,132
12/20/2017,125
12/20/2017,128
12/20/2017,124
12/20/2017,85
12/20/2017,102
12/20/2017,104
12/20/2017,112
12/20/2017,116
12/20/2017,118
12/20/2017,127
12/20/2017,131
12/20/2017,140
12/20/2017,141
12/20/2017,142
12/20/2017,146
12/20/2017,148
12/20/2017,149
12/20/2017,145
12/20/2017,142
12/21/2017,102
12/21/2017,74
12/21/2017,69
12/21/2017,70
12/21/2017,79
12/21/2017,74
12/21/2017,77
12/21/2017,82
12/21/2017,-86
12/21/2017,-89
12/21/2017,-100
12/21/2017,-105
12/21/2017,-106
12/21/2017,-106
12/21/2017,-108
12/21/2017,-113
12/21/2017,-114
12/21/2017,-114
12/21/2017,-116
12/21/2017,-117
12/21/2017,-117
12/21/2017,-118
12/21/2017,-119
12/21/2017,-143
12/22/2017,-195
12/22/2017,118
12/22/2017,106
12/22/2017,106
12/22/2017,104
12/22/2017,106
12/22/2017,107
12/22/2017,125
12/22/2017,99
12/22/2017,108
12/22/2017,106
12/22/2017,117
12/22/2017,122
12/22/2017,126
12/22/2017,139
12/22/2017,146
12/22/2017,153
12/22/2017,155
12/22/2017,155
12/22/2017,161
12/22/2017,161
12/22/2017,161
12/22/2017,157
12/22/2017,139
12/23/2017,96
12/23/2017,60
12/23/2017,46
12/23/2017,44
12/23/2017,44
12/23/2017,42
12/23/2017,50
12/23/2017,72
12/23/2017,113
12/23/2017,146
12/23/2017,155
12/23/2017,160
12/23/2017,160
12/23/2017,161
12/23/2017,161
12/23/2017,161
12/23/2017,161
12/23/2017,161
12/23/2017,161
12/23/2017,161
12/23/2017,161
12/23/2017,161
12/23/2017,152
12/23/2017,140
12/24/2017,125
12/24/2017,112
12/24/2017,111
12/24/2017,106
12/24/2017,102
12/24/2017,101
12/24/2017,101
12/24/2017,89
12/24/2017,115
12/24/2017,124
12/24/2017,131
12/24/2017,133
12/24/2017,138
12/24/2017,142
12/24/2017,161
12/24/2017,161
12/24/2017,161
12/24/2017,161
12/24/2017,161
12/24/2017,161
12/24/2017,161
12/24/2017,161
12/24/2017,157
12/24/2017,143
12/25/2017,136
12/25/2017,133
12/25/2017,128
12/25/2017,121
12/25/2017,119
12/25/2017,118
12/25/2017,118
12/25/2017,121
12/25/2017,112
12/25/2017,144
12/25/2017,152
12/25/2017,154
12/25/2017,158
12/25/2017,158
12/25/2017,158
12/25/2017,158
12/25/2017,155
12/25/2017,155
12/25/2017,155
12/25/2017,155
12/25/2017,153
12/25/2017,149
12/25/2017,139
12/25/2017,121
12/26/2017,101
12/26/2017,88
12/26/2017,83
12/26/2017,74
12/26/2017,64
12/26/2017,52
12/26/2017,44
12/26/2017,27
12/26/2017,90
12/26/2017,132
12/26/2017,146
12/26/2017,158
12/26/2017,158
12/26/2017,160
12/26/2017,161
12/26/2017,161
12/26/2017,161
12/26/2017,161
12/26/2017,161
12/26/2017,161
12/26/2017,161
12/26/2017,161
12/26/2017,153
12/26/2017,124
12/27/2017,81
12/27/2017,57
12/27/2017,38
12/27/2017,37
12/27/2017,31
12/27/2017,36
12/27/2017,36
12/27/2017,54
12/27/2017,92
12/27/2017,128
12/27/2017,139
12/27/2017,156
12/27/2017,160
12/27/2017,160
12/27/2017,161
12/27/2017,161
12/27/2017,161
12/27/2017,161
12/27/2017,161
12/27/2017,161
12/27/2017,161
12/27/2017,161
12/27/2017,159
12/27/2017,138
12/28/2017,85
12/28/2017,51
12/28/2017,34
12/28/2017,36
12/28/2017,40
12/28/2017,44
12/28/2017,49
12/28/2017,58
12/28/2017,96
12/28/2017,136
12/28/2017,154
12/28/2017,161
12/28/2017,161
12/28/2017,161
12/28/2017,161
12/28/2017,161
12/28/2017,161
12/28/2017,161
12/28/2017,161
12/28/2017,161
12/28/2017,161
12/28/2017,161
12/28/2017,161
12/28/2017,130
12/29/2017,91
12/29/2017,51
12/29/2017,36
12/29/2017,36
12/29/2017,42
12/29/2017,35
12/29/2017,44
12/29/2017,54
12/29/2017,103
12/29/2017,116
12/29/2017,117
12/29/2017,120
12/29/2017,123
12/29/2017,123
12/29/2017,129
12/29/2017,133
12/29/2017,136
12/29/2017,141
12/29/2017,150
12/29/2017,151
12/29/2017,146
12/29/2017,139
12/29/2017,133
12/29/2017,125
12/30/2017,112
12/30/2017,111
12/30/2017,103
12/30/2017,100
12/30/2017,91
12/30/2017,87
12/30/2017,96
12/30/2017,102
12/30/2017,87
12/30/2017,131
12/30/2017,147
12/30/2017,156
12/30/2017,160
12/30/2017,161
12/30/2017,161
12/30/2017,161
12/30/2017,161
12/30/2017,161
12/30/2017,161
12/30/2017,161
12/30/2017,161
12/30/2017,161
12/30/2017,161
12/30/2017,120
12/31/2017,79
12/31/2017,50
12/31/2017,45
12/31/2017,39
12/31/2017,44
12/31/2017,51
12/31/2017,51
12/31/2017,53
12/31/2017,98
12/31/2017,102
12/31/2017,147
12/31/2017,157
12/31/2017,161
12/31/2017,161
12/31/2017,161
12/31/2017,161
12/31/2017,161
12/31/2017,161
12/31/2017,161
12/31/2017,160
12/31/2017,160
12/31/2017,160
12/31/2017,155
12/31/2017,128
1/1/2018,83
1/1/2018,54
1/1/2018,51
1/1/2018,43
1/1/2018,50
1/1/2018,42
1/1/2018,47
1/1/2018,55
1/1/2018,103
1/1/2018,157
1/1/2018,161
1/1/2018,161
1/1/2018,161
1/1/2018,161
1/1/2018,161
1/1/2018,161
1/1/2018,161
1/1/2018,161
1/1/2018,161
1/1/2018,161
1/1/2018,161
1/1/2018,161
1/1/2018,161
1/1/2018,152
1/2/2018,147
1/2/2018,114
1/2/2018,105
1/2/2018,102
1/2/2018,95
1/2/2018,83
1/2/2018,92
1/2/2018,105
1/2/2018,113
1/2/2018,122
1/2/2018,126
1/2/2018,128
1/2/2018,129
1/2/2018,132
1/2/2018,132
1/2/2018,149
1/2/2018,157
1/2/2018,160
1/2/2018,160
1/2/2018,161
1/2/2018,161
1/2/2018,161
1/2/2018,160
1/2/2018,123
1/3/2018,89
1/3/2018,54
1/3/2018,46
1/3/2018,49
1/3/2018,48
1/3/2018,41
1/3/2018,45
1/3/2018,53
1/3/2018,89
1/3/2018,118
1/3/2018,138
1/3/2018,151
1/3/2018,159
1/3/2018,161
1/3/2018,161
1/3/2018,161
1/3/2018,161
1/3/2018,161
1/3/2018,161
1/3/2018,161
1/3/2018,161
1/3/2018,161
1/3/2018,159
1/3/2018,131
1/4/2018,101
1/4/2018,64
1/4/2018,41
1/4/2018,36
1/4/2018,33
1/4/2018,43
1/4/2018,49
1/4/2018,54
1/4/2018,109
1/4/2018,115
1/4/2018,119
1/4/2018,126
1/4/2018,131
1/4/2018,137
1/4/2018,145
1/4/2018,147
1/4/2018,148
1/4/2018,153
1/4/2018,154
1/4/2018,154
1/4/2018,152
1/4/2018,143
1/4/2018,137
1/4/2018,132
1/5/2018,127
1/5/2018,122
1/5/2018,117
1/5/2018,113
1/5/2018,108
1/5/2018,102
1/5/2018,103
1/5/2018,101
1/5/2018,114
1/5/2018,122
1/5/2018,118
1/5/2018,122
1/5/2018,126
1/5/2018,133
1/5/2018,145
1/5/2018,150
1/5/2018,152
1/5/2018,157
1/5/2018,158
1/5/2018,161
1/5/2018,161
1/5/2018,161
1/5/2018,157
1/5/2018,138
1/6/2018,102
1/6/2018,61
1/6/2018,52
1/6/2018,46
1/6/2018,47
1/6/2018,48
1/6/2018,56
1/6/2018,68
1/6/2018,113
1/6/2018,143
1/6/2018,151
1/6/2018,158
1/6/2018,157
1/6/2018,158
1/6/2018,160
1/6/2018,161
1/6/2018,161
1/6/2018,161
1/6/2018,161
1/6/2018,161
1/6/2018,161
1/6/2018,161
1/6/2018,160
1/6/2018,137
1/7/2018,110
1/7/2018,87
1/7/2018,81
1/7/2018,79
1/7/2018,74
1/7/2018,76
1/7/2018,78
1/7/2018,93
1/7/2018,91
1/7/2018,108
1/7/2018,122
1/7/2018,143
1/7/2018,161
1/7/2018,161
1/7/2018,161
1/7/2018,161
1/7/2018,161
1/7/2018,161
1/7/2018,161
1/7/2018,161
1/7/2018,161
1/7/2018,161
1/7/2018,161
1/7/2018,152
1/8/2018,135
1/8/2018,124
1/8/2018,116
1/8/2018,114
1/8/2018,114
1/8/2018,113
1/8/2018,115
1/8/2018,112
1/8/2018,83
1/8/2018,135
1/8/2018,161
1/8/2018,161
1/8/2018,161
1/8/2018,161
1/8/2018,161
1/8/2018,161
1/8/2018,161
1/8/2018,161
1/8/2018,161
1/8/2018,161
1/8/2018,161
1/8/2018,161
1/8/2018,161
1/8/2018,146
1/9/2018,97
1/9/2018,76
1/9/2018,65
1/9/2018,65
1/9/2018,64
1/9/2018,59
1/9/2018,66
1/9/2018,76
1/9/2018,161
1/9/2018,161
1/9/2018,161
1/9/2018,161
1/9/2018,161
1/9/2018,161
1/9/2018,161
1/9/2018,161
1/9/2018,161
1/9/2018,161
1/9/2018,161
1/9/2018,161
1/9/2018,161
1/9/2018,161
1/9/2018,161
1/9/2018,161
1/10/2018,161
1/10/2018,161
1/10/2018,161
1/10/2018,161
1/10/2018,161
1/10/2018,159
1/10/2018,160
1/10/2018,161
1/10/2018,86
1/10/2018,121
1/10/2018,153
1/10/2018,161
1/10/2018,161
1/10/2018,161
1/10/2018,161
1/10/2018,161
1/10/2018,161
1/10/2018,161
1/10/2018,161
1/10/2018,161
1/10/2018,161
1/10/2018,161
1/10/2018,161
1/10/2018,153
1/11/2018,112
1/11/2018,90
1/11/2018,85
1/11/2018,88
1/11/2018,91
1/11/2018,92
1/11/2018,96
1/11/2018,109
1/11/2018,106
1/11/2018,115
1/11/2018,112
1/11/2018,112
1/11/2018,116
1/11/2018,130
1/11/2018,136
1/11/2018,143
1/11/2018,145
1/11/2018,150
1/11/2018,150
1/11/2018,156
1/11/2018,157
1/11/2018,157
1/11/2018,153
1/11/2018,125
1/12/2018,83
1/12/2018,56
1/12/2018,37
1/12/2018,40
1/12/2018,47
1/12/2018,41
1/12/2018,53
1/12/2018,67
1/12/2018,99
1/12/2018,142
1/12/2018,151
1/12/2018,155
1/12/2018,157
1/12/2018,158
1/12/2018,159
1/12/2018,159
1/12/2018,159
1/12/2018,159
1/12/2018,157
1/12/2018,158
1/12/2018,157
1/12/2018,157
1/12/2018,151
1/12/2018,132
1/13/2018,97
1/13/2018,74
1/13/2018,66
1/13/2018,66
1/13/2018,73
1/13/2018,72
1/13/2018,70
1/13/2018,79
1/13/2018,100
1/13/2018,141
1/13/2018,149
1/13/2018,161
1/13/2018,161
1/13/2018,161
1/13/2018,161
1/13/2018,161
1/13/2018,161
1/13/2018,161
1/13/2018,161
1/13/2018,161
1/13/2018,161
1/13/2018,161
1/13/2018,161
1/13/2018,146
1/14/2018,101
1/14/2018,78
1/14/2018,58
1/14/2018,48
1/14/2018,45
1/14/2018,46
1/14/2018,54
1/14/2018,66
1/14/2018,74
1/14/2018,84
1/14/2018,88
1/14/2018,97
1/14/2018,98
1/14/2018,108
1/14/2018,121
1/14/2018,129
1/14/2018,137
1/14/2018,141
1/14/2018,146
1/14/2018,147
1/14/2018,140
1/14/2018,131
1/14/2018,122
1/14/2018,112
1/15/2018,96
1/15/2018,89
1/15/2018,77
1/15/2018,67
1/15/2018,60
1/15/2018,55
1/15/2018,62
1/15/2018,75
1/15/2018,111
1/15/2018,149
1/15/2018,161
1/15/2018,161
1/15/2018,161
1/15/2018,161
1/15/2018,161
1/15/2018,161
1/15/2018,161
1/15/2018,161
1/15/2018,161
1/15/2018,161
1/15/2018,161
1/15/2018,161
1/15/2018,161
1/15/2018,161
1/16/2018,99
1/16/2018,59
1/16/2018,45
1/16/2018,37
1/16/2018,42
1/16/2018,52
1/16/2018,52
1/16/2018,66
1/16/2018,114
1/16/2018,145
1/16/2018,158
1/16/2018,161
1/16/2018,161
1/16/2018,161
1/16/2018,161
1/16/2018,161
1/16/2018,161
1/16/2018,161
1/16/2018,161
1/16/2018,161
1/16/2018,161
1/16/2018,161
1/16/2018,158
1/16/2018,141
1/17/2018,104
1/17/2018,78
1/17/2018,64
1/17/2018,60
1/17/2018,61
1/17/2018,66
1/17/2018,72
1/17/2018,83
1/17/2018,83
1/17/2018,106
1/17/2018,121
1/17/2018,136
1/17/2018,150
1/17/2018,152
1/17/2018,153
1/17/2018,154
1/17/2018,154
1/17/2018,154
1/17/2018,154
1/17/2018,152
1/17/2018,153
1/17/2018,153
1/17/2018,148
1/17/2018,126
1/18/2018,85
1/18/2018,53
1/18/2018,38
1/18/2018,32
1/18/2018,42
1/18/2018,42
1/18/2018,51
1/18/2018,68
1/18/2018,77
1/18/2018,118
1/18/2018,136
1/18/2018,147
1/18/2018,159
1/18/2018,158
1/18/2018,161
1/18/2018,161
1/18/2018,161
1/18/2018,161
1/18/2018,161
1/18/2018,161
1/18/2018,161
1/18/2018,161
1/18/2018,160
1/18/2018,140
1/19/2018,104
1/19/2018,79
1/19/2018,76
1/19/2018,70
1/19/2018,74
1/19/2018,79
1/19/2018,78
1/19/2018,90
1/19/2018,126
1/19/2018,150
1/19/2018,156
1/19/2018,160
1/19/2018,161
1/19/2018,161
1/19/2018,161
1/19/2018,161
1/19/2018,161
1/19/2018,161
1/19/2018,161
1/19/2018,161
1/19/2018,161
1/19/2018,161
1/19/2018,151
1/19/2018,133
1/20/2018,103
1/20/2018,97
1/20/2018,91
1/20/2018,84
1/20/2018,91
1/20/2018,86
1/20/2018,97
1/20/2018,93
1/20/2018,136
1/20/2018,139
1/20/2018,141
1/20/2018,141
1/20/2018,142
1/20/2018,143
1/20/2018,152
1/20/2018,153
1/20/2018,156
1/20/2018,161
1/20/2018,161
1/20/2018,161
1/20/2018,161
1/20/2018,151
1/20/2018,146
1/20/2018,140
1/21/2018,137
1/21/2018,131
1/21/2018,127
1/21/2018,120
1/21/2018,124
1/21/2018,129
1/21/2018,131
1/21/2018,129
1/21/2018,112
1/21/2018,140
1/21/2018,148
1/21/2018,151
1/21/2018,155
1/21/2018,155
1/21/2018,157
1/21/2018,157
1/21/2018,157
1/21/2018,157
1/21/2018,157
1/21/2018,157
1/21/2018,155
1/21/2018,148
1/21/2018,140
1/21/2018,133
1/22/2018,127
1/22/2018,121
1/22/2018,114
1/22/2018,108
1/22/2018,101
1/22/2018,97
1/22/2018,96
1/22/2018,100
1/22/2018,88
1/22/2018,133
1/22/2018,142
1/22/2018,152
1/22/2018,156
1/22/2018,157
1/22/2018,158
1/22/2018,160
1/22/2018,160
1/22/2018,160
1/22/2018,159
1/22/2018,159
1/22/2018,160
1/22/2018,160
1/22/2018,158
1/22/2018,132
1/23/2018,83
1/23/2018,48
1/23/2018,48
1/23/2018,47
1/23/2018,45
1/23/2018,48
1/23/2018,48
1/23/2018,52
1/23/2018,161
1/23/2018,161
1/23/2018,161
1/23/2018,158
1/23/2018,157
1/23/2018,161
1/23/2018,161
1/23/2018,161
1/23/2018,161
1/23/2018,161
1/23/2018,161
1/23/2018,161
1/23/2018,161
1/23/2018,161
1/23/2018,161
1/23/2018,157
1/24/2018,153
1/24/2018,142
1/24/2018,136
1/24/2018,132
1/24/2018,140
1/24/2018,132
1/24/2018,129
1/24/2018,130
1/24/2018,106
1/24/2018,140
1/24/2018,161
1/24/2018,161
1/24/2018,161
1/24/2018,161
1/24/2018,161
1/24/2018,161
1/24/2018,161
1/24/2018,161
1/24/2018,161
1/24/2018,161
1/24/2018,161
1/24/2018,161
1/24/2018,161
1/24/2018,130
1/25/2018,93
1/25/2018,55
1/25/2018,39
1/25/2018,28
1/25/2018,28
1/25/2018,34
1/25/2018,47
1/25/2018,59
1/25/2018,111
1/25/2018,141
1/25/2018,153
1/25/2018,155
1/25/2018,159
1/25/2018,159
1/25/2018,160
1/25/2018,161
1/25/2018,161
1/25/2018,161
1/25/2018,161
1/25/2018,161
1/25/2018,161
1/25/2018,161
1/25/2018,134
1/25/2018,121
1/26/2018,106
1/26/2018,94
1/26/2018,84
1/26/2018,75
1/26/2018,80
1/26/2018,83
1/26/2018,96
1/26/2018,100
1/26/2018,114
1/26/2018,126
1/26/2018,128
1/26/2018,129
1/26/2018,129
1/26/2018,133
1/26/2018,143
1/26/2018,150
1/26/2018,155
1/26/2018,161
1/26/2018,161
1/26/2018,161
1/26/2018,161
1/26/2018,158
1/26/2018,149
1/26/2018,143
1/27/2018,136
1/27/2018,128
1/27/2018,121
1/27/2018,113
1/27/2018,113
1/27/2018,111
1/27/2018,113
1/27/2018,101
1/27/2018,83
1/27/2018,129
1/27/2018,148
1/27/2018,161
1/27/2018,161
1/27/2018,161
1/27/2018,161
1/27/2018,161
1/27/2018,161
1/27/2018,161
1/27/2018,161
1/27/2018,161
1/27/2018,161
1/27/2018,161
1/27/2018,161
1/27/2018,128
1/28/2018,86
1/28/2018,54
1/28/2018,54
1/28/2018,49
1/28/2018,53
1/28/2018,54
1/28/2018,59
1/28/2018,60
1/28/2018,99
1/28/2018,114
1/28/2018,118
1/28/2018,129
1/28/2018,137
1/28/2018,142
1/28/2018,151
1/28/2018,161
1/28/2018,161
1/28/2018,161
1/28/2018,161
1/28/2018,161
1/28/2018,161
1/28/2018,161
1/28/2018,161
1/28/2018,130
1/29/2018,97
1/29/2018,78
1/29/2018,66
1/29/2018,64
1/29/2018,70
1/29/2018,74
1/29/2018,82
1/29/2018,94
1/29/2018,116
1/29/2018,149
1/29/2018,159
1/29/2018,159
1/29/2018,157
1/29/2018,157
1/29/2018,159
1/29/2018,159
1/29/2018,159
1/29/2018,159
1/29/2018,159
1/29/2018,159
1/29/2018,159
1/29/2018,159
1/29/2018,143
1/29/2018,131
1/30/2018,115
1/30/2018,112
1/30/2018,106
1/30/2018,104
1/30/2018,97
1/30/2018,96
1/30/2018,104
1/30/2018,102
1/30/2018,128
1/30/2018,136
1/30/2018,137
1/30/2018,142
1/30/2018,155
1/30/2018,157
1/30/2018,161
1/30/2018,161
1/30/2018,161
1/30/2018,161
1/30/2018,161
1/30/2018,161
1/30/2018,161
1/30/2018,161
1/30/2018,161
1/30/2018,161
1/31/2018,125
1/31/2018,94
1/31/2018,86
1/31/2018,85
1/31/2018,74
1/31/2018,70
1/31/2018,71
1/31/2018,82
1/31/2018,110
1/31/2018,141
1/31/2018,154
1/31/2018,155
1/31/2018,156
1/31/2018,156
1/31/2018,158
1/31/2018,158
1/31/2018,158
1/31/2018,158
1/31/2018,158
1/31/2018,158
1/31/2018,158
1/31/2018,158
1/31/2018,151
1/31/2018,146
2/1/2018,140
2/1/2018,133
2/1/2018,130
2/1/2018,127
2/1/2018,120
2/1/2018,111
2/1/2018,109
2/1/2018,111
2/1/2018,161
2/1/2018,161
2/1/2018,161
2/1/2018,161
2/1/2018,161
2/1/2018,161
2/1/2018,161
2/1/2018,161
2/1/2018,161
2/1/2018,161
2/1/2018,161
2/1/2018,161
2/1/2018,161
2/1/2018,161
2/1/2018,161
2/1/2018,161
2/2/2018,143
2/2/2018,135
2/2/2018,129
2/2/2018,123
2/2/2018,116
2/2/2018,115
2/2/2018,113
2/2/2018,111
2/2/2018,161
2/2/2018,161
2/2/2018,161
2/2/2018,161
2/2/2018,161
2/2/2018,161
2/2/2018,161
2/2/2018,161
2/2/2018,161
2/2/2018,161
2/2/2018,161
2/2/2018,161
2/2/2018,161
2/2/2018,161
2/2/2018,156
2/2/2018,133
2/3/2018,99
2/3/2018,81
2/3/2018,73
2/3/2018,72
2/3/2018,69
2/3/2018,74
2/3/2018,70
2/3/2018,78
2/3/2018,113
2/3/2018,143
2/3/2018,153
2/3/2018,158
2/3/2018,159
2/3/2018,161
2/3/2018,161
2/3/2018,161
2/3/2018,161
2/3/2018,161
2/3/2018,161
2/3/2018,159
2/3/2018,159
2/3/2018,160
2/3/2018,158
2/3/2018,134
2/4/2018,89
2/4/2018,58
2/4/2018,53
2/4/2018,52
2/4/2018,54
2/4/2018,51
2/4/2018,60
2/4/2018,77
2/4/2018,143
2/4/2018,148
2/4/2018,149
2/4/2018,148
2/4/2018,150
2/4/2018,151
2/4/2018,153
2/4/2018,156
2/4/2018,154
2/4/2018,155
2/4/2018,157
2/4/2018,157
2/4/2018,157
2/4/2018,154
2/4/2018,151
2/4/2018,139
2/5/2018,123
2/5/2018,114
2/5/2018,105
2/5/2018,106
2/5/2018,106
2/5/2018,108
2/5/2018,111
2/5/2018,123
2/5/2018,111
2/5/2018,140
2/5/2018,149
2/5/2018,154
2/5/2018,153
2/5/2018,157
2/5/2018,158
2/5/2018,159
2/5/2018,157
2/5/2018,157
2/5/2018,157
2/5/2018,157
2/5/2018,157
2/5/2018,157
2/5/2018,150
2/5/2018,136
2/6/2018,97
2/6/2018,72
2/6/2018,65
2/6/2018,66
2/6/2018,64
2/6/2018,66
2/6/2018,68
2/6/2018,89
2/6/2018,72
2/6/2018,120
2/6/2018,136
2/6/2018,142
2/6/2018,149
2/6/2018,150
2/6/2018,151
2/6/2018,151
2/6/2018,151
2/6/2018,151
2/6/2018,150
2/6/2018,150
2/6/2018,149
2/6/2018,148
2/6/2018,142
2/6/2018,115
2/7/2018,71
2/7/2018,40
2/7/2018,27
2/7/2018,26
2/7/2018,46
2/7/2018,40
2/7/2018,45
2/7/2018,61
2/7/2018,122
2/7/2018,156
2/7/2018,161
2/7/2018,161
2/7/2018,161
2/7/2018,161
2/7/2018,161
2/7/2018,161
2/7/2018,161
2/7/2018,161
2/7/2018,161
2/7/2018,161
2/7/2018,161
2/7/2018,161
2/7/2018,157
2/7/2018,147
2/8/2018,136
2/8/2018,127
2/8/2018,121
2/8/2018,113
2/8/2018,107
2/8/2018,98
2/8/2018,107
2/8/2018,109
2/8/2018,93
2/8/2018,100
2/8/2018,96
2/8/2018,102
2/8/2018,103
2/8/2018,114
2/8/2018,126
2/8/2018,139
2/8/2018,140
2/8/2018,144
2/8/2018,145
2/8/2018,150
2/8/2018,153
2/8/2018,154
2/8/2018,148
2/8/2018,131
2/9/2018,108
2/9/2018,97
2/9/2018,91
2/9/2018,88
2/9/2018,87
2/9/2018,86
2/9/2018,93
2/9/2018,96
2/9/2018,105
2/9/2018,138
2/9/2018,156
2/9/2018,161
2/9/2018,161
2/9/2018,161
2/9/2018,161
2/9/2018,161
2/9/2018,161
2/9/2018,161
2/9/2018,161
2/9/2018,161
2/9/2018,161
2/9/2018,161
2/9/2018,161
2/9/2018,144
2/10/2018,113
2/10/2018,92
2/10/2018,82
2/10/2018,74
2/10/2018,69
2/10/2018,75
2/10/2018,86
2/10/2018,97
2/10/2018,82
2/10/2018,123
2/10/2018,142
2/10/2018,161
2/10/2018,161
2/10/2018,161
2/10/2018,161
2/10/2018,161
2/10/2018,161
2/10/2018,161
2/10/2018,161
2/10/2018,161
2/10/2018,161
2/10/2018,161
2/10/2018,161
2/10/2018,161
2/11/2018,131
2/11/2018,98
2/11/2018,80
2/11/2018,79
2/11/2018,85
2/11/2018,86
2/11/2018,92
2/11/2018,115
2/11/2018,83
2/11/2018,125
2/11/2018,145
2/11/2018,159
2/11/2018,161
2/11/2018,161
2/11/2018,161
2/11/2018,161
2/11/2018,161
2/11/2018,161
2/11/2018,161
2/11/2018,161
2/11/2018,161
2/11/2018,161
2/11/2018,160
2/11/2018,135
2/12/2018,88
2/12/2018,61
2/12/2018,45
2/12/2018,43
2/12/2018,44
2/12/2018,41
2/12/2018,47
2/12/2018,67
2/12/2018,104
2/12/2018,138
2/12/2018,146
2/12/2018,145
2/12/2018,146
2/12/2018,146
2/12/2018,148
2/12/2018,149
2/12/2018,149
2/12/2018,149
2/12/2018,149
2/12/2018,149
2/12/2018,149
2/12/2018,138
2/12/2018,119
2/12/2018,105
2/13/2018,85
2/13/2018,74
2/13/2018,5
2/13/2018,-13
2/13/2018,-13
2/13/2018,7
2/13/2018,51
2/13/2018,54
2/13/2018,113
2/13/2018,144
2/13/2018,147
2/13/2018,154
2/13/2018,156
2/13/2018,160
2/13/2018,161
2/13/2018,161
2/13/2018,161
2/13/2018,161
2/13/2018,161
2/13/2018,161
2/13/2018,161
2/13/2018,161
2/13/2018,151
2/13/2018,135
2/14/2018,117
2/14/2018,104
2/14/2018,95
2/14/2018,92
2/14/2018,93
2/14/2018,85
2/14/2018,81
2/14/2018,73
2/14/2018,135
2/14/2018,152
2/14/2018,155
2/14/2018,158
2/14/2018,157
2/14/2018,158
2/14/2018,160
2/14/2018,161
2/14/2018,159
2/14/2018,160
2/14/2018,159
2/14/2018,159
2/14/2018,159
2/14/2018,159
2/14/2018,154
2/14/2018,139
2/15/2018,121
2/15/2018,113
2/15/2018,109
2/15/2018,105
2/15/2018,111
2/15/2018,112
2/15/2018,112
2/15/2018,119
2/15/2018,97
2/15/2018,124
2/15/2018,145
2/15/2018,161
2/15/2018,161
2/15/2018,161
2/15/2018,161
2/15/2018,161
2/15/2018,161
2/15/2018,161
2/15/2018,161
2/15/2018,161
2/15/2018,161
2/15/2018,161
2/15/2018,161
2/15/2018,139
2/16/2018,105
2/16/2018,60
2/16/2018,41
2/16/2018,34
2/16/2018,34
2/16/2018,40
2/16/2018,54
2/16/2018,62
2/16/2018,91
2/16/2018,119
2/16/2018,143
2/16/2018,154
2/16/2018,158
2/16/2018,161
2/16/2018,161
2/16/2018,161
2/16/2018,161
2/16/2018,161
2/16/2018,161
2/16/2018,161
2/16/2018,161
2/16/2018,161
2/16/2018,156
2/16/2018,134
2/17/2018,83
2/17/2018,79
2/17/2018,75
2/17/2018,74
2/17/2018,77
2/17/2018,82
2/17/2018,79
2/17/2018,100
2/17/2018,88
2/17/2018,131
2/17/2018,148
2/17/2018,159
2/17/2018,161
2/17/2018,161
2/17/2018,161
2/17/2018,161
2/17/2018,161
2/17/2018,161
2/17/2018,161
2/17/2018,161
2/17/2018,161
2/17/2018,161
2/17/2018,161
2/17/2018,137
2/18/2018,94
2/18/2018,55
2/18/2018,40
2/18/2018,36
2/18/2018,40
2/18/2018,41
2/18/2018,43
2/18/2018,63
2/18/2018,108
2/18/2018,118
2/18/2018,118
2/18/2018,122
2/18/2018,125
2/18/2018,130
2/18/2018,145
2/18/2018,149
2/18/2018,149
2/18/2018,153
2/18/2018,153
2/18/2018,155
2/18/2018,156
2/18/2018,156
2/18/2018,150
2/18/2018,127
2/19/2018,79
2/19/2018,56
2/19/2018,47
2/19/2018,45
2/19/2018,38
2/19/2018,40
2/19/2018,38
2/19/2018,53
2/19/2018,113
2/19/2018,146
2/19/2018,154
2/19/2018,155
2/19/2018,158
2/19/2018,159
2/19/2018,159
2/19/2018,160
2/19/2018,160
2/19/2018,161
2/19/2018,160
2/19/2018,157
2/19/2018,158
2/19/2018,157
2/19/2018,154
2/19/2018,138
2/20/2018,110
2/20/2018,94
2/20/2018,86
2/20/2018,90
2/20/2018,88
2/20/2018,88
2/20/2018,85
2/20/2018,98
2/20/2018,88
2/20/2018,128
2/20/2018,139
2/20/2018,142
2/20/2018,149
2/20/2018,150
2/20/2018,153
2/20/2018,153
2/20/2018,153
2/20/2018,153
2/20/2018,152
2/20/2018,152
2/20/2018,151
2/20/2018,152
2/20/2018,147
2/20/2018,124
2/21/2018,79
2/21/2018,62
2/21/2018,57
2/21/2018,58
2/21/2018,58
2/21/2018,64
2/21/2018,66
2/21/2018,79
2/21/2018,106
2/21/2018,125
2/21/2018,134
2/21/2018,135
2/21/2018,136
2/21/2018,137
2/21/2018,138
2/21/2018,139
2/21/2018,139
2/21/2018,139
2/21/2018,139
2/21/2018,139
2/21/2018,139
2/21/2018,139
2/21/2018,126
2/21/2018,115
2/22/2018,109
2/22/2018,101
2/22/2018,100
2/22/2018,97
2/22/2018,96
2/22/2018,91
2/22/2018,95
2/22/2018,94
2/22/2018,140
2/22/2018,135
2/22/2018,124
2/22/2018,118
2/22/2018,123
2/22/2018,138
2/22/2018,147
2/22/2018,146
2/22/2018,149
2/22/2018,154
2/22/2018,157
2/22/2018,158
2/22/2018,158
2/22/2018,147
2/22/2018,140
2/22/2018,132
2/23/2018,120
2/23/2018,99
